{
    "training": {
        "processors": ["gpu"],
        "version_aliases": {
            "4.4": "4.4.2",
            "4.5": "4.5.0",
            "4.6": "4.6.1",
            "4.10": "4.10.2",
            "4.11": "4.11.0",
            "4.12": "4.12.3",
            "4.17": "4.17.0"
        },
        "versions": {
            "4.4.2": {
                "version_aliases": {
                    "pytorch1.6": "pytorch1.6.0",
                    "tensorflow2.4": "tensorflow2.4.1"
                },
                "pytorch1.6.0": {
                    "py_versions": ["py36"],
                    "registries": {
                        "af-south-1": "626614931356",
                        "ap-east-1": "871362719292",
                        "ap-northeast-1": "763104351884",
                        "ap-northeast-2": "763104351884",
                        "ap-northeast-3": "364406365360",
                        "ap-south-1": "763104351884",
                        "ap-southeast-1": "763104351884",
                        "ap-southeast-2": "763104351884",
                        "ap-southeast-3": "907027046896",
                        "ca-central-1": "763104351884",
                        "cn-north-1": "727897471807",
                        "cn-northwest-1": "727897471807",
                        "eu-central-1": "763104351884",
                        "eu-north-1": "763104351884",
                        "eu-west-1": "763104351884",
                        "eu-west-2": "763104351884",
                        "eu-west-3": "763104351884",
                        "eu-south-1": "692866216735",
                        "me-south-1": "217643126080",
                        "me-central-1": "914824155844",
                        "sa-east-1": "763104351884",
                        "us-east-1": "763104351884",
                        "us-east-2": "763104351884",
                        "us-gov-east-1": "446045086412",
                        "us-gov-west-1": "442386744353",
                        "us-iso-east-1": "886529160074",
                        "us-west-1": "763104351884",
                        "us-west-2": "763104351884"
                    },
                    "repository": "huggingface-pytorch-training"
                },
                "tensorflow2.4.1": {
                    "py_versions": ["py37"],
                    "registries": {
                        "af-south-1": "626614931356",
                        "ap-east-1": "871362719292",
                        "ap-northeast-1": "763104351884",
                        "ap-northeast-2": "763104351884",
                        "ap-northeast-3": "364406365360",
                        "ap-south-1": "763104351884",
                        "ap-southeast-1": "763104351884",
                        "ap-southeast-2": "763104351884",
                        "ap-southeast-3": "907027046896",
                        "ca-central-1": "763104351884",
                        "cn-north-1": "727897471807",
                        "cn-northwest-1": "727897471807",
                        "eu-central-1": "763104351884",
                        "eu-north-1": "763104351884",
                        "eu-south-1": "692866216735",
                        "eu-west-1": "763104351884",
                        "eu-west-2": "763104351884",
                        "eu-west-3": "763104351884",
                        "me-south-1": "217643126080",
                        "me-central-1": "914824155844",
                        "sa-east-1": "763104351884",
                        "us-east-1": "763104351884",
                        "us-east-2": "763104351884",
                        "us-gov-east-1": "446045086412",
                        "us-gov-west-1": "442386744353",
                        "us-iso-east-1": "886529160074",
                        "us-west-1": "763104351884",
                        "us-west-2": "763104351884"
                    },
                    "repository": "huggingface-tensorflow-training"
                }
            },
            "4.5.0": {
                "version_aliases": {
                    "pytorch1.6": "pytorch1.6.0",
                    "tensorflow2.4": "tensorflow2.4.1"
                },
                "pytorch1.6.0": {
                    "py_versions": ["py36"],
                    "registries": {
                        "af-south-1": "626614931356",
                        "ap-east-1": "871362719292",
                        "ap-northeast-1": "763104351884",
                        "ap-northeast-2": "763104351884",
                        "ap-northeast-3": "364406365360",
                        "ap-south-1": "763104351884",
                        "ap-southeast-1": "763104351884",
                        "ap-southeast-2": "763104351884",
                        "ap-southeast-3": "907027046896",
                        "ca-central-1": "763104351884",
                        "cn-north-1": "727897471807",
                        "cn-northwest-1": "727897471807",
                        "eu-central-1": "763104351884",
                        "eu-north-1": "763104351884",
                        "eu-west-1": "763104351884",
                        "eu-west-2": "763104351884",
                        "eu-west-3": "763104351884",
                        "eu-south-1": "692866216735",
                        "me-south-1": "217643126080",
                        "me-central-1": "914824155844",
                        "sa-east-1": "763104351884",
                        "us-east-1": "763104351884",
                        "us-east-2": "763104351884",
                        "us-gov-east-1": "446045086412",
                        "us-gov-west-1": "442386744353",
                        "us-iso-east-1": "886529160074",
                        "us-west-1": "763104351884",
                        "us-west-2": "763104351884"
                    },
                    "repository": "huggingface-pytorch-training"
                },
                "tensorflow2.4.1": {
                    "py_versions": ["py37"],
                    "registries": {
                        "af-south-1": "626614931356",
                        "ap-east-1": "871362719292",
                        "ap-northeast-1": "763104351884",
                        "ap-northeast-2": "763104351884",
                        "ap-northeast-3": "364406365360",
                        "ap-south-1": "763104351884",
                        "ap-southeast-1": "763104351884",
                        "ap-southeast-2": "763104351884",
                        "ap-southeast-3": "907027046896",
                        "ca-central-1": "763104351884",
                        "cn-north-1": "727897471807",
                        "cn-northwest-1": "727897471807",
                        "eu-central-1": "763104351884",
                        "eu-north-1": "763104351884",
                        "eu-south-1": "692866216735",
                        "eu-west-1": "763104351884",
                        "eu-west-2": "763104351884",
                        "eu-west-3": "763104351884",
                        "me-south-1": "217643126080",
                        "me-central-1": "914824155844",
                        "sa-east-1": "763104351884",
                        "us-east-1": "763104351884",
                        "us-east-2": "763104351884",
                        "us-gov-east-1": "446045086412",
                        "us-gov-west-1": "442386744353",
                        "us-iso-east-1": "886529160074",
                        "us-west-1": "763104351884",
                        "us-west-2": "763104351884"
                    },
                    "repository": "huggingface-tensorflow-training"
                }
            },
            "4.6.1": {
                "version_aliases": {
                    "pytorch1.6": "pytorch1.6.0",
                    "pytorch1.7": "pytorch1.7.1",
                    "pytorch1.8": "pytorch1.8.1",
                    "tensorflow2.4": "tensorflow2.4.1"
                },
                "pytorch1.6.0": {
                    "py_versions": ["py36"],
                    "registries": {
                        "af-south-1": "626614931356",
                        "ap-east-1": "871362719292",
                        "ap-northeast-1": "763104351884",
                        "ap-northeast-2": "763104351884",
                        "ap-northeast-3": "364406365360",
                        "ap-south-1": "763104351884",
                        "ap-southeast-1": "763104351884",
                        "ap-southeast-2": "763104351884",
                        "ap-southeast-3": "907027046896",
                        "ca-central-1": "763104351884",
                        "cn-north-1": "727897471807",
                        "cn-northwest-1": "727897471807",
                        "eu-central-1": "763104351884",
                        "eu-north-1": "763104351884",
                        "eu-west-1": "763104351884",
                        "eu-west-2": "763104351884",
                        "eu-west-3": "763104351884",
                        "eu-south-1": "692866216735",
                        "me-south-1": "217643126080",
                        "me-central-1": "914824155844",
                        "sa-east-1": "763104351884",
                        "us-east-1": "763104351884",
                        "us-east-2": "763104351884",
                        "us-gov-east-1": "446045086412",
                        "us-gov-west-1": "442386744353",
                        "us-iso-east-1": "886529160074",
                        "us-west-1": "763104351884",
                        "us-west-2": "763104351884"
                    },
                    "repository": "huggingface-pytorch-training",
                    "container_version": {"gpu":"cu110-ubuntu18.04"}
                },
                "pytorch1.7.1": {
                    "py_versions": ["py36"],
                    "registries": {
                        "af-south-1": "626614931356",
                        "ap-east-1": "871362719292",
                        "ap-northeast-1": "763104351884",
                        "ap-northeast-2": "763104351884",
                        "ap-northeast-3": "364406365360",
                        "ap-south-1": "763104351884",
                        "ap-southeast-1": "763104351884",
                        "ap-southeast-2": "763104351884",
                        "ap-southeast-3": "907027046896",
                        "ca-central-1": "763104351884",
                        "cn-north-1": "727897471807",
                        "cn-northwest-1": "727897471807",
                        "eu-central-1": "763104351884",
                        "eu-north-1": "763104351884",
                        "eu-west-1": "763104351884",
                        "eu-west-2": "763104351884",
                        "eu-west-3": "763104351884",
                        "eu-south-1": "692866216735",
                        "me-south-1": "217643126080",
                        "me-central-1": "914824155844",
                        "sa-east-1": "763104351884",
                        "us-east-1": "763104351884",
                        "us-east-2": "763104351884",
                        "us-gov-east-1": "446045086412",
                        "us-gov-west-1": "442386744353",
                        "us-iso-east-1": "886529160074",
                        "us-west-1": "763104351884",
                        "us-west-2": "763104351884"
                    },
                    "repository": "huggingface-pytorch-training",
                    "container_version": {"gpu":"cu110-ubuntu18.04"}
                },
                "pytorch1.8.1": {
                    "py_versions": ["py36"],
                    "registries": {
                        "af-south-1": "626614931356",
                        "ap-east-1": "871362719292",
                        "ap-northeast-1": "763104351884",
                        "ap-northeast-2": "763104351884",
                        "ap-northeast-3": "364406365360",
                        "ap-south-1": "763104351884",
                        "ap-southeast-1": "763104351884",
                        "ap-southeast-2": "763104351884",
                        "ap-southeast-3": "907027046896",
                        "ca-central-1": "763104351884",
                        "cn-north-1": "727897471807",
                        "cn-northwest-1": "727897471807",
                        "eu-central-1": "763104351884",
                        "eu-north-1": "763104351884",
                        "eu-west-1": "763104351884",
                        "eu-west-2": "763104351884",
                        "eu-west-3": "763104351884",
                        "eu-south-1": "692866216735",
                        "me-south-1": "217643126080",
                        "me-central-1": "914824155844",
                        "sa-east-1": "763104351884",
                        "us-east-1": "763104351884",
                        "us-east-2": "763104351884",
                        "us-gov-east-1": "446045086412",
                        "us-gov-west-1": "442386744353",
                        "us-iso-east-1": "886529160074",
                        "us-west-1": "763104351884",
                        "us-west-2": "763104351884"
                    },
                    "repository": "huggingface-pytorch-training",
                    "container_version": {"gpu":"cu111-ubuntu18.04"}
                },
                "tensorflow2.4.1": {
                    "py_versions": ["py37"],
                    "registries": {
                        "af-south-1": "626614931356",
                        "ap-east-1": "871362719292",
                        "ap-northeast-1": "763104351884",
                        "ap-northeast-2": "763104351884",
                        "ap-northeast-3": "364406365360",
                        "ap-south-1": "763104351884",
                        "ap-southeast-1": "763104351884",
                        "ap-southeast-2": "763104351884",
                        "ap-southeast-3": "907027046896",
                        "ca-central-1": "763104351884",
                        "cn-north-1": "727897471807",
                        "cn-northwest-1": "727897471807",
                        "eu-central-1": "763104351884",
                        "eu-north-1": "763104351884",
                        "eu-south-1": "692866216735",
                        "eu-west-1": "763104351884",
                        "eu-west-2": "763104351884",
                        "eu-west-3": "763104351884",
                        "me-south-1": "217643126080",
                        "me-central-1": "914824155844",
                        "sa-east-1": "763104351884",
                        "us-east-1": "763104351884",
                        "us-east-2": "763104351884",
                        "us-gov-east-1": "446045086412",
                        "us-gov-west-1": "442386744353",
                        "us-iso-east-1": "886529160074",
                        "us-west-1": "763104351884",
                        "us-west-2": "763104351884"
                    },
                    "repository": "huggingface-tensorflow-training",
                    "container_version": {"gpu":"cu110-ubuntu18.04"}
                }
            },
            "4.10.2": {
                "version_aliases": {
                    "pytorch1.8": "pytorch1.8.1",
                    "pytorch1.9": "pytorch1.9.0",
                    "tensorflow2.4": "tensorflow2.4.1",
                    "tensorflow2.5": "tensorflow2.5.1"
                },
                "pytorch1.8.1": {
                    "py_versions": ["py36"],
                    "registries": {
                        "af-south-1": "626614931356",
                        "ap-east-1": "871362719292",
                        "ap-northeast-1": "763104351884",
                        "ap-northeast-2": "763104351884",
                        "ap-northeast-3": "364406365360",
                        "ap-south-1": "763104351884",
                        "ap-southeast-1": "763104351884",
                        "ap-southeast-2": "763104351884",
                        "ap-southeast-3": "907027046896",
                        "ca-central-1": "763104351884",
                        "cn-north-1": "727897471807",
                        "cn-northwest-1": "727897471807",
                        "eu-central-1": "763104351884",
                        "eu-north-1": "763104351884",
                        "eu-west-1": "763104351884",
                        "eu-west-2": "763104351884",
                        "eu-west-3": "763104351884",
                        "eu-south-1": "692866216735",
                        "me-south-1": "217643126080",
                        "me-central-1": "914824155844",
                        "sa-east-1": "763104351884",
                        "us-east-1": "763104351884",
                        "us-east-2": "763104351884",
                        "us-gov-east-1": "446045086412",
                        "us-gov-west-1": "442386744353",
                        "us-iso-east-1": "886529160074",
                        "us-west-1": "763104351884",
                        "us-west-2": "763104351884"
                    },
                    "repository": "huggingface-pytorch-training",
                    "container_version": {"gpu":"cu110-ubuntu18.04"}
                },
                "pytorch1.9.0": {
                    "py_versions": ["py38"],
                    "registries": {
                        "af-south-1": "626614931356",
                        "ap-east-1": "871362719292",
                        "ap-northeast-1": "763104351884",
                        "ap-northeast-2": "763104351884",
                        "ap-northeast-3": "364406365360",
                        "ap-south-1": "763104351884",
                        "ap-southeast-1": "763104351884",
                        "ap-southeast-2": "763104351884",
                        "ap-southeast-3": "907027046896",
                        "ca-central-1": "763104351884",
                        "cn-north-1": "727897471807",
                        "cn-northwest-1": "727897471807",
                        "eu-central-1": "763104351884",
                        "eu-north-1": "763104351884",
                        "eu-west-1": "763104351884",
                        "eu-west-2": "763104351884",
                        "eu-west-3": "763104351884",
                        "eu-south-1": "692866216735",
                        "me-south-1": "217643126080",
                        "me-central-1": "914824155844",
                        "sa-east-1": "763104351884",
                        "us-east-1": "763104351884",
                        "us-east-2": "763104351884",
                        "us-gov-east-1": "446045086412",
                        "us-gov-west-1": "442386744353",
                        "us-iso-east-1": "886529160074",
                        "us-west-1": "763104351884",
                        "us-west-2": "763104351884"
                    },
                    "repository": "huggingface-pytorch-training",
                    "container_version": {"gpu": "cu111-ubuntu20.04"}
                },
                "tensorflow2.4.1": {
                    "py_versions": ["py37"],
                    "registries": {
                        "af-south-1": "626614931356",
                        "ap-east-1": "871362719292",
                        "ap-northeast-1": "763104351884",
                        "ap-northeast-2": "763104351884",
                        "ap-northeast-3": "364406365360",
                        "ap-south-1": "763104351884",
                        "ap-southeast-1": "763104351884",
                        "ap-southeast-2": "763104351884",
                        "ap-southeast-3": "907027046896",
                        "ca-central-1": "763104351884",
                        "cn-north-1": "727897471807",
                        "cn-northwest-1": "727897471807",
                        "eu-central-1": "763104351884",
                        "eu-north-1": "763104351884",
                        "eu-south-1": "692866216735",
                        "eu-west-1": "763104351884",
                        "eu-west-2": "763104351884",
                        "eu-west-3": "763104351884",
                        "me-south-1": "217643126080",
                        "me-central-1": "914824155844",
                        "sa-east-1": "763104351884",
                        "us-east-1": "763104351884",
                        "us-east-2": "763104351884",
                        "us-gov-east-1": "446045086412",
                        "us-gov-west-1": "442386744353",
                        "us-iso-east-1": "886529160074",
                        "us-west-1": "763104351884",
                        "us-west-2": "763104351884"
                    },
                    "repository": "huggingface-tensorflow-training",
                    "container_version": {"gpu":"cu110-ubuntu18.04"}
                },
                "tensorflow2.5.1": {
                    "py_versions": ["py37"],
                    "registries": {
                        "af-south-1": "626614931356",
                        "ap-east-1": "871362719292",
                        "ap-northeast-1": "763104351884",
                        "ap-northeast-2": "763104351884",
                        "ap-northeast-3": "364406365360",
                        "ap-south-1": "763104351884",
                        "ap-southeast-1": "763104351884",
                        "ap-southeast-2": "763104351884",
                        "ap-southeast-3": "907027046896",
                        "ca-central-1": "763104351884",
                        "cn-north-1": "727897471807",
                        "cn-northwest-1": "727897471807",
                        "eu-central-1": "763104351884",
                        "eu-north-1": "763104351884",
                        "eu-south-1": "692866216735",
                        "eu-west-1": "763104351884",
                        "eu-west-2": "763104351884",
                        "eu-west-3": "763104351884",
                        "me-south-1": "217643126080",
                        "me-central-1": "914824155844",
                        "sa-east-1": "763104351884",
                        "us-east-1": "763104351884",
                        "us-east-2": "763104351884",
                        "us-gov-east-1": "446045086412",
                        "us-gov-west-1": "442386744353",
                        "us-iso-east-1": "886529160074",
                        "us-west-1": "763104351884",
                        "us-west-2": "763104351884"
                    },
                    "repository": "huggingface-tensorflow-training",
                    "container_version": {"gpu": "cu112-ubuntu18.04"}
                }
            },
            "4.11.0": {
                "version_aliases": {
                    "pytorch1.9": "pytorch1.9.0",
                    "tensorflow2.5": "tensorflow2.5.1"
                },
                "pytorch1.9.0": {
                    "py_versions": ["py38"],
                    "registries": {
                        "af-south-1": "626614931356",
                        "ap-east-1": "871362719292",
                        "ap-northeast-1": "763104351884",
                        "ap-northeast-2": "763104351884",
                        "ap-northeast-3": "364406365360",
                        "ap-south-1": "763104351884",
                        "ap-southeast-1": "763104351884",
                        "ap-southeast-2": "763104351884",
                        "ap-southeast-3": "907027046896",
                        "ca-central-1": "763104351884",
                        "cn-north-1": "727897471807",
                        "cn-northwest-1": "727897471807",
                        "eu-central-1": "763104351884",
                        "eu-north-1": "763104351884",
                        "eu-west-1": "763104351884",
                        "eu-west-2": "763104351884",
                        "eu-west-3": "763104351884",
                        "eu-south-1": "692866216735",
                        "me-south-1": "217643126080",
                        "me-central-1": "914824155844",
                        "sa-east-1": "763104351884",
                        "us-east-1": "763104351884",
                        "us-east-2": "763104351884",
                        "us-gov-east-1": "446045086412",
                        "us-gov-west-1": "442386744353",
                        "us-iso-east-1": "886529160074",
                        "us-west-1": "763104351884",
                        "us-west-2": "763104351884"
                    },
                    "repository": "huggingface-pytorch-training",
                    "container_version": {"gpu": "cu111-ubuntu20.04"}
                },
                "tensorflow2.5.1": {
                    "py_versions": ["py37"],
                    "registries": {
                        "af-south-1": "626614931356",
                        "ap-east-1": "871362719292",
                        "ap-northeast-1": "763104351884",
                        "ap-northeast-2": "763104351884",
                        "ap-northeast-3": "364406365360",
                        "ap-south-1": "763104351884",
                        "ap-southeast-1": "763104351884",
                        "ap-southeast-2": "763104351884",
                        "ap-southeast-3": "907027046896",
                        "ca-central-1": "763104351884",
                        "cn-north-1": "727897471807",
                        "cn-northwest-1": "727897471807",
                        "eu-central-1": "763104351884",
                        "eu-north-1": "763104351884",
                        "eu-south-1": "692866216735",
                        "eu-west-1": "763104351884",
                        "eu-west-2": "763104351884",
                        "eu-west-3": "763104351884",
                        "me-south-1": "217643126080",
                        "me-central-1": "914824155844",
                        "sa-east-1": "763104351884",
                        "us-east-1": "763104351884",
                        "us-east-2": "763104351884",
                        "us-gov-east-1": "446045086412",
                        "us-gov-west-1": "442386744353",
                        "us-iso-east-1": "886529160074",
                        "us-west-1": "763104351884",
                        "us-west-2": "763104351884"
                    },
                    "repository": "huggingface-tensorflow-training",
                    "container_version": {"gpu": "cu112-ubuntu18.04"}
                }
            },
            "4.12.3": {
                "version_aliases": {
                    "pytorch1.9": "pytorch1.9.1",
                    "tensorflow2.5": "tensorflow2.5.1"
                },
                "pytorch1.9.1": {
                    "py_versions": ["py38"],
                    "registries": {
                        "af-south-1": "626614931356",
                        "ap-east-1": "871362719292",
                        "ap-northeast-1": "763104351884",
                        "ap-northeast-2": "763104351884",
                        "ap-northeast-3": "364406365360",
                        "ap-south-1": "763104351884",
                        "ap-southeast-1": "763104351884",
                        "ap-southeast-2": "763104351884",
                        "ap-southeast-3": "907027046896",
                        "ca-central-1": "763104351884",
                        "cn-north-1": "727897471807",
                        "cn-northwest-1": "727897471807",
                        "eu-central-1": "763104351884",
                        "eu-north-1": "763104351884",
                        "eu-west-1": "763104351884",
                        "eu-west-2": "763104351884",
                        "eu-west-3": "763104351884",
                        "eu-south-1": "692866216735",
                        "me-south-1": "217643126080",
                        "me-central-1": "914824155844",
                        "sa-east-1": "763104351884",
                        "us-east-1": "763104351884",
                        "us-east-2": "763104351884",
                        "us-gov-east-1": "446045086412",
                        "us-gov-west-1": "442386744353",
                        "us-iso-east-1": "886529160074",
                        "us-west-1": "763104351884",
                        "us-west-2": "763104351884"
                    },
                    "repository": "huggingface-pytorch-training",
                    "container_version": {"gpu": "cu111-ubuntu20.04"}
                },
                "tensorflow2.5.1": {
                    "py_versions": ["py37"],
                    "registries": {
                        "af-south-1": "626614931356",
                        "ap-east-1": "871362719292",
                        "ap-northeast-1": "763104351884",
                        "ap-northeast-2": "763104351884",
                        "ap-northeast-3": "364406365360",
                        "ap-south-1": "763104351884",
                        "ap-southeast-1": "763104351884",
                        "ap-southeast-2": "763104351884",
                        "ap-southeast-3": "907027046896",
                        "ca-central-1": "763104351884",
                        "cn-north-1": "727897471807",
                        "cn-northwest-1": "727897471807",
                        "eu-central-1": "763104351884",
                        "eu-north-1": "763104351884",
                        "eu-south-1": "692866216735",
                        "eu-west-1": "763104351884",
                        "eu-west-2": "763104351884",
                        "eu-west-3": "763104351884",
                        "me-south-1": "217643126080",
                        "me-central-1": "914824155844",
                        "sa-east-1": "763104351884",
                        "us-east-1": "763104351884",
                        "us-east-2": "763104351884",
                        "us-gov-east-1": "446045086412",
                        "us-gov-west-1": "442386744353",
                        "us-iso-east-1": "886529160074",
                        "us-west-1": "763104351884",
                        "us-west-2": "763104351884"
                    },
                    "repository": "huggingface-tensorflow-training",
                    "container_version": {"gpu": "cu112-ubuntu18.04"}
                }
            },
            "4.17.0": {
                "version_aliases": {
                    "pytorch1.10": "pytorch1.10.2",
                    "tensorflow2.6": "tensorflow2.6.3"
                },
                "pytorch1.10.2": {
                    "py_versions": ["py38"],
                    "registries": {
                        "af-south-1": "626614931356",
                        "ap-east-1": "871362719292",
                        "ap-northeast-1": "763104351884",
                        "ap-northeast-2": "763104351884",
                        "ap-northeast-3": "364406365360",
                        "ap-south-1": "763104351884",
                        "ap-southeast-1": "763104351884",
                        "ap-southeast-2": "763104351884",
                        "ap-southeast-3": "907027046896",
                        "ca-central-1": "763104351884",
                        "cn-north-1": "727897471807",
                        "cn-northwest-1": "727897471807",
                        "eu-central-1": "763104351884",
                        "eu-north-1": "763104351884",
                        "eu-west-1": "763104351884",
                        "eu-west-2": "763104351884",
                        "eu-west-3": "763104351884",
                        "eu-south-1": "692866216735",
                        "me-south-1": "217643126080",
                        "me-central-1": "914824155844",
                        "sa-east-1": "763104351884",
                        "us-east-1": "763104351884",
                        "us-east-2": "763104351884",
                        "us-gov-east-1": "446045086412",
                        "us-gov-west-1": "442386744353",
                        "us-iso-east-1": "886529160074",
                        "us-west-1": "763104351884",
                        "us-west-2": "763104351884"
                    },
                    "repository": "huggingface-pytorch-training",
                    "container_version": {"gpu": "cu113-ubuntu20.04"}
                },
                "tensorflow2.6.3": {
                    "py_versions": ["py38"],
                    "registries": {
                        "af-south-1": "626614931356",
                        "ap-east-1": "871362719292",
                        "ap-northeast-1": "763104351884",
                        "ap-northeast-2": "763104351884",
                        "ap-northeast-3": "364406365360",
                        "ap-south-1": "763104351884",
                        "ap-southeast-1": "763104351884",
                        "ap-southeast-2": "763104351884",
                        "ap-southeast-3": "907027046896",
                        "ca-central-1": "763104351884",
                        "cn-north-1": "727897471807",
                        "cn-northwest-1": "727897471807",
                        "eu-central-1": "763104351884",
                        "eu-north-1": "763104351884",
                        "eu-south-1": "692866216735",
                        "eu-west-1": "763104351884",
                        "eu-west-2": "763104351884",
                        "eu-west-3": "763104351884",
                        "me-south-1": "217643126080",
                        "me-central-1": "914824155844",
                        "sa-east-1": "763104351884",
                        "us-east-1": "763104351884",
                        "us-east-2": "763104351884",
                        "us-gov-east-1": "446045086412",
                        "us-gov-west-1": "442386744353",
                        "us-iso-east-1": "886529160074",
                        "us-west-1": "763104351884",
                        "us-west-2": "763104351884"
                    },
                    "repository": "huggingface-tensorflow-training",
                    "container_version": {"gpu": "cu112-ubuntu20.04"}
                }
            }
        }
    },

    "inference": {
        "processors": ["gpu", "cpu"],
        "version_aliases": {
            "4.6": "4.6.1",
            "4.10": "4.10.2",
            "4.11": "4.11.0",
            "4.12": "4.12.3",
            "4.17": "4.17.0"
        },
        "versions": {
            "4.6.1": {
                "version_aliases": {
                    "pytorch1.7": "pytorch1.7.1",
                    "tensorflow2.4": "tensorflow2.4.1"
                },
                "pytorch1.7.1": {
                    "py_versions": ["py36"],
                    "registries": {
                        "af-south-1": "626614931356",
                        "ap-east-1": "871362719292",
                        "ap-northeast-1": "763104351884",
                        "ap-northeast-2": "763104351884",
                        "ap-northeast-3": "364406365360",
                        "ap-south-1": "763104351884",
                        "ap-south-2": "772153158452",
                        "ap-southeast-1": "763104351884",
                        "ap-southeast-2": "763104351884",
                        "ap-southeast-3": "907027046896",
                        "ca-central-1": "763104351884",
                        "cn-north-1": "727897471807",
                        "cn-northwest-1": "727897471807",
                        "eu-central-1": "763104351884",
                        "eu-central-2": "380420809688",
                        "eu-north-1": "763104351884",
                        "eu-west-1": "763104351884",
                        "eu-west-2": "763104351884",
                        "eu-west-3": "763104351884",
                        "eu-south-1": "692866216735",
                        "eu-south-2": "503227376785",
                        "me-south-1": "217643126080",
                        "me-central-1": "914824155844",
                        "sa-east-1": "763104351884",
                        "us-east-1": "763104351884",
                        "us-east-2": "763104351884",
                        "us-gov-east-1": "446045086412",
                        "us-gov-west-1": "442386744353",
                        "us-iso-east-1": "886529160074",
                        "us-west-1": "763104351884",
                        "us-west-2": "763104351884"
                    },
                    "repository": "huggingface-pytorch-inference",
                    "container_version": {"gpu":"cu110-ubuntu18.04", "cpu":"ubuntu18.04" }
                },
                "pytorch1.8.1": {
                    "py_versions": ["py36"],
                    "registries": {
                        "af-south-1": "626614931356",
                        "ap-east-1": "871362719292",
                        "ap-northeast-1": "763104351884",
                        "ap-northeast-2": "763104351884",
                        "ap-northeast-3": "364406365360",
                        "ap-south-1": "763104351884",
                        "ap-south-2": "772153158452",
                        "ap-southeast-1": "763104351884",
                        "ap-southeast-2": "763104351884",
                        "ap-southeast-3": "907027046896",
                        "ca-central-1": "763104351884",
                        "cn-north-1": "727897471807",
                        "cn-northwest-1": "727897471807",
                        "eu-central-1": "763104351884",
                        "eu-central-2": "380420809688",
                        "eu-north-1": "763104351884",
                        "eu-west-1": "763104351884",
                        "eu-west-2": "763104351884",
                        "eu-west-3": "763104351884",
                        "eu-south-1": "692866216735",
                        "eu-south-2": "503227376785",
                        "me-south-1": "217643126080",
                        "me-central-1": "914824155844",
                        "sa-east-1": "763104351884",
                        "us-east-1": "763104351884",
                        "us-east-2": "763104351884",
                        "us-gov-east-1": "446045086412",
                        "us-gov-west-1": "442386744353",
                        "us-iso-east-1": "886529160074",
                        "us-west-1": "763104351884",
                        "us-west-2": "763104351884"
                    },
                    "repository": "huggingface-pytorch-inference",
                    "container_version": {"gpu":"cu111-ubuntu18.04", "cpu":"ubuntu18.04" }
                },
                "tensorflow2.4.1": {
                    "py_versions": ["py37"],
                    "registries": {
                        "af-south-1": "626614931356",
                        "ap-east-1": "871362719292",
                        "ap-northeast-1": "763104351884",
                        "ap-northeast-2": "763104351884",
                        "ap-northeast-3": "364406365360",
                        "ap-south-1": "763104351884",
                        "ap-south-2": "772153158452",
                        "ap-southeast-1": "763104351884",
                        "ap-southeast-2": "763104351884",
                        "ap-southeast-3": "907027046896",
                        "ca-central-1": "763104351884",
                        "cn-north-1": "727897471807",
                        "cn-northwest-1": "727897471807",
                        "eu-central-1": "763104351884",
                        "eu-central-2": "380420809688",
                        "eu-north-1": "763104351884",
                        "eu-south-1": "692866216735",
                        "eu-south-2": "503227376785",
                        "eu-west-1": "763104351884",
                        "eu-west-2": "763104351884",
                        "eu-west-3": "763104351884",
                        "me-south-1": "217643126080",
                        "me-central-1": "914824155844",
                        "sa-east-1": "763104351884",
                        "us-east-1": "763104351884",
                        "us-east-2": "763104351884",
                        "us-gov-east-1": "446045086412",
                        "us-gov-west-1": "442386744353",
                        "us-iso-east-1": "886529160074",
                        "us-west-1": "763104351884",
                        "us-west-2": "763104351884"
                    },
                    "repository": "huggingface-tensorflow-inference",
                    "container_version": {"gpu":"cu110-ubuntu18.04", "cpu":"ubuntu18.04" }
                }
            },
            "4.10.2": {
                "version_aliases": {
                    "pytorch1.8": "pytorch1.8.1",
                    "pytorch1.9": "pytorch1.9.0",
                    "tensorflow2.4": "tensorflow2.4.1",
                    "tensorflow2.5": "tensorflow2.5.1"
                },
                "pytorch1.8.1": {
                    "py_versions": ["py36"],
                    "registries": {
                        "af-south-1": "626614931356",
                        "ap-east-1": "871362719292",
                        "ap-northeast-1": "763104351884",
                        "ap-northeast-2": "763104351884",
                        "ap-northeast-3": "364406365360",
                        "ap-south-1": "763104351884",
                        "ap-south-2": "772153158452",
                        "ap-southeast-1": "763104351884",
                        "ap-southeast-2": "763104351884",
                        "ap-southeast-3": "907027046896",
                        "ca-central-1": "763104351884",
                        "cn-north-1": "727897471807",
                        "cn-northwest-1": "727897471807",
                        "eu-central-1": "763104351884",
                        "eu-central-2": "380420809688",
                        "eu-north-1": "763104351884",
                        "eu-west-1": "763104351884",
                        "eu-west-2": "763104351884",
                        "eu-west-3": "763104351884",
                        "eu-south-1": "692866216735",
                        "eu-south-2": "503227376785",
                        "me-south-1": "217643126080",
                        "me-central-1": "914824155844",
                        "sa-east-1": "763104351884",
                        "us-east-1": "763104351884",
                        "us-east-2": "763104351884",
                        "us-gov-east-1": "446045086412",
                        "us-gov-west-1": "442386744353",
                        "us-iso-east-1": "886529160074",
                        "us-west-1": "763104351884",
                        "us-west-2": "763104351884"
                    },
                    "repository": "huggingface-pytorch-inference",
                    "container_version": {"gpu":"cu111-ubuntu18.04", "cpu":"ubuntu18.04" }
                },
                "pytorch1.9.0": {
                    "py_versions": ["py38"],
                    "registries": {
                        "af-south-1": "626614931356",
                        "ap-east-1": "871362719292",
                        "ap-northeast-1": "763104351884",
                        "ap-northeast-2": "763104351884",
                        "ap-northeast-3": "364406365360",
                        "ap-south-1": "763104351884",
                        "ap-south-2": "772153158452",
                        "ap-southeast-1": "763104351884",
                        "ap-southeast-2": "763104351884",
                        "ap-southeast-3": "907027046896",
                        "ca-central-1": "763104351884",
                        "cn-north-1": "727897471807",
                        "cn-northwest-1": "727897471807",
                        "eu-central-1": "763104351884",
                        "eu-central-2": "380420809688",
                        "eu-north-1": "763104351884",
                        "eu-west-1": "763104351884",
                        "eu-west-2": "763104351884",
                        "eu-west-3": "763104351884",
                        "eu-south-1": "692866216735",
                        "eu-south-2": "503227376785",
                        "me-south-1": "217643126080",
                        "me-central-1": "914824155844",
                        "sa-east-1": "763104351884",
                        "us-east-1": "763104351884",
                        "us-east-2": "763104351884",
                        "us-gov-east-1": "446045086412",
                        "us-gov-west-1": "442386744353",
                        "us-iso-east-1": "886529160074",
                        "us-west-1": "763104351884",
                        "us-west-2": "763104351884"
                    },
                    "repository": "huggingface-pytorch-inference",
                    "container_version": {"gpu": "cu111-ubuntu20.04", "cpu": "ubuntu20.04" }
                },
                "tensorflow2.4.1": {
                    "py_versions": ["py37"],
                    "registries": {
                        "af-south-1": "626614931356",
                        "ap-east-1": "871362719292",
                        "ap-northeast-1": "763104351884",
                        "ap-northeast-2": "763104351884",
                        "ap-northeast-3": "364406365360",
                        "ap-south-1": "763104351884",
                        "ap-south-2": "772153158452",
                        "ap-southeast-1": "763104351884",
                        "ap-southeast-2": "763104351884",
                        "ap-southeast-3": "907027046896",
                        "ca-central-1": "763104351884",
                        "cn-north-1": "727897471807",
                        "cn-northwest-1": "727897471807",
                        "eu-central-1": "763104351884",
                        "eu-central-2": "380420809688",
                        "eu-north-1": "763104351884",
                        "eu-south-1": "692866216735",
                        "eu-south-2": "503227376785",
                        "eu-west-1": "763104351884",
                        "eu-west-2": "763104351884",
                        "eu-west-3": "763104351884",
                        "me-south-1": "217643126080",
                        "me-central-1": "914824155844",
                        "sa-east-1": "763104351884",
                        "us-east-1": "763104351884",
                        "us-east-2": "763104351884",
                        "us-gov-east-1": "446045086412",
                        "us-gov-west-1": "442386744353",
                        "us-iso-east-1": "886529160074",
                        "us-west-1": "763104351884",
                        "us-west-2": "763104351884"
                    },
                    "repository": "huggingface-tensorflow-inference",
                    "container_version": {"gpu":"cu110-ubuntu18.04", "cpu":"ubuntu18.04" }
                },
                "tensorflow2.5.1": {
                    "py_versions": ["py37"],
                    "registries": {
                        "af-south-1": "626614931356",
                        "ap-east-1": "871362719292",
                        "ap-northeast-1": "763104351884",
                        "ap-northeast-2": "763104351884",
                        "ap-northeast-3": "364406365360",
                        "ap-south-1": "763104351884",
                        "ap-south-2": "772153158452",
                        "ap-southeast-1": "763104351884",
                        "ap-southeast-2": "763104351884",
                        "ap-southeast-3": "907027046896",
                        "ca-central-1": "763104351884",
                        "cn-north-1": "727897471807",
                        "cn-northwest-1": "727897471807",
                        "eu-central-1": "763104351884",
                        "eu-central-2": "380420809688",
                        "eu-north-1": "763104351884",
                        "eu-south-1": "692866216735",
                        "eu-south-2": "503227376785",
                        "eu-west-1": "763104351884",
                        "eu-west-2": "763104351884",
                        "eu-west-3": "763104351884",
                        "me-south-1": "217643126080",
                        "me-central-1": "914824155844",
                        "sa-east-1": "763104351884",
                        "us-east-1": "763104351884",
                        "us-east-2": "763104351884",
                        "us-gov-east-1": "446045086412",
                        "us-gov-west-1": "442386744353",
                        "us-iso-east-1": "886529160074",
                        "us-west-1": "763104351884",
                        "us-west-2": "763104351884"
                    },
                    "repository": "huggingface-tensorflow-inference",
                    "container_version": {"gpu": "cu112-ubuntu18.04", "cpu": "ubuntu18.04" }
                }
            },
            "4.11.0": {
                "version_aliases": {
                    "pytorch1.9": "pytorch1.9.0",
                    "tensorflow2.5": "tensorflow2.5.1"
                },
                "pytorch1.9.0": {
                    "py_versions": ["py38"],
                    "registries": {
                        "af-south-1": "626614931356",
                        "ap-east-1": "871362719292",
                        "ap-northeast-1": "763104351884",
                        "ap-northeast-2": "763104351884",
                        "ap-northeast-3": "364406365360",
                        "ap-south-1": "763104351884",
                        "ap-south-2": "772153158452",
                        "ap-southeast-1": "763104351884",
                        "ap-southeast-2": "763104351884",
                        "ap-southeast-3": "907027046896",
                        "ca-central-1": "763104351884",
                        "cn-north-1": "727897471807",
                        "cn-northwest-1": "727897471807",
                        "eu-central-1": "763104351884",
                        "eu-central-2": "380420809688",
                        "eu-north-1": "763104351884",
                        "eu-west-1": "763104351884",
                        "eu-west-2": "763104351884",
                        "eu-west-3": "763104351884",
                        "eu-south-1": "692866216735",
                        "eu-south-2": "503227376785",
                        "me-south-1": "217643126080",
                        "me-central-1": "914824155844",
                        "sa-east-1": "763104351884",
                        "us-east-1": "763104351884",
                        "us-east-2": "763104351884",
                        "us-gov-east-1": "446045086412",
                        "us-gov-west-1": "442386744353",
                        "us-iso-east-1": "886529160074",
                        "us-west-1": "763104351884",
                        "us-west-2": "763104351884"
                    },
                    "repository": "huggingface-pytorch-inference",
                    "container_version": {"gpu": "cu111-ubuntu20.04", "cpu": "ubuntu20.04" }
                },
                "tensorflow2.5.1": {
                    "py_versions": ["py37"],
                    "registries": {
                        "af-south-1": "626614931356",
                        "ap-east-1": "871362719292",
                        "ap-northeast-1": "763104351884",
                        "ap-northeast-2": "763104351884",
                        "ap-northeast-3": "364406365360",
                        "ap-south-1": "763104351884",
                        "ap-south-2": "772153158452",
                        "ap-southeast-1": "763104351884",
                        "ap-southeast-2": "763104351884",
                        "ap-southeast-3": "907027046896",
                        "ca-central-1": "763104351884",
                        "cn-north-1": "727897471807",
                        "cn-northwest-1": "727897471807",
                        "eu-central-1": "763104351884",
                        "eu-central-2": "380420809688",
                        "eu-north-1": "763104351884",
                        "eu-south-1": "692866216735",
                        "eu-south-2": "503227376785",
                        "eu-west-1": "763104351884",
                        "eu-west-2": "763104351884",
                        "eu-west-3": "763104351884",
                        "me-south-1": "217643126080",
                        "me-central-1": "914824155844",
                        "sa-east-1": "763104351884",
                        "us-east-1": "763104351884",
                        "us-east-2": "763104351884",
                        "us-gov-east-1": "446045086412",
                        "us-gov-west-1": "442386744353",
                        "us-iso-east-1": "886529160074",
                        "us-west-1": "763104351884",
                        "us-west-2": "763104351884"
                    },
                    "repository": "huggingface-tensorflow-inference",
                    "container_version": {"gpu": "cu112-ubuntu18.04", "cpu": "ubuntu18.04" }
                }
            },
            "4.12.3": {
                "version_aliases": {
                    "pytorch1.9": "pytorch1.9.1",
                    "tensorflow2.5": "tensorflow2.5.1"
                },
                "pytorch1.9.1": {
                    "py_versions": ["py38"],
                    "registries": {
                        "af-south-1": "626614931356",
                        "ap-east-1": "871362719292",
                        "ap-northeast-1": "763104351884",
                        "ap-northeast-2": "763104351884",
                        "ap-northeast-3": "364406365360",
                        "ap-south-1": "763104351884",
                        "ap-south-2": "772153158452",
                        "ap-southeast-1": "763104351884",
                        "ap-southeast-2": "763104351884",
                        "ap-southeast-3": "907027046896",
                        "ca-central-1": "763104351884",
                        "cn-north-1": "727897471807",
                        "cn-northwest-1": "727897471807",
                        "eu-central-1": "763104351884",
                        "eu-central-2": "380420809688",
                        "eu-north-1": "763104351884",
                        "eu-west-1": "763104351884",
                        "eu-west-2": "763104351884",
                        "eu-west-3": "763104351884",
                        "eu-south-1": "692866216735",
                        "eu-south-2": "503227376785",
                        "me-south-1": "217643126080",
                        "me-central-1": "914824155844",
                        "sa-east-1": "763104351884",
                        "us-east-1": "763104351884",
                        "us-east-2": "763104351884",
                        "us-gov-east-1": "446045086412",
                        "us-gov-west-1": "442386744353",
                        "us-iso-east-1": "886529160074",
                        "us-west-1": "763104351884",
                        "us-west-2": "763104351884"
                    },
                    "repository": "huggingface-pytorch-inference",
                    "container_version": {"gpu": "cu111-ubuntu20.04", "cpu": "ubuntu20.04" }
                },
                "tensorflow2.5.1": {
                    "py_versions": ["py37"],
                    "registries": {
                        "af-south-1": "626614931356",
                        "ap-east-1": "871362719292",
                        "ap-northeast-1": "763104351884",
                        "ap-northeast-2": "763104351884",
                        "ap-northeast-3": "364406365360",
                        "ap-south-1": "763104351884",
                        "ap-south-2": "772153158452",
                        "ap-southeast-1": "763104351884",
                        "ap-southeast-2": "763104351884",
                        "ap-southeast-3": "907027046896",
                        "ca-central-1": "763104351884",
                        "cn-north-1": "727897471807",
                        "cn-northwest-1": "727897471807",
                        "eu-central-1": "763104351884",
                        "eu-central-2": "380420809688",
                        "eu-north-1": "763104351884",
                        "eu-south-1": "692866216735",
                        "eu-south-2": "503227376785",
                        "eu-west-1": "763104351884",
                        "eu-west-2": "763104351884",
                        "eu-west-3": "763104351884",
                        "me-south-1": "217643126080",
                        "me-central-1": "914824155844",
                        "sa-east-1": "763104351884",
                        "us-east-1": "763104351884",
                        "us-east-2": "763104351884",
                        "us-gov-east-1": "446045086412",
                        "us-gov-west-1": "442386744353",
                        "us-iso-east-1": "886529160074",
                        "us-west-1": "763104351884",
                        "us-west-2": "763104351884"
                    },
                    "repository": "huggingface-tensorflow-inference",
                    "container_version": {"gpu": "cu112-ubuntu18.04", "cpu": "ubuntu18.04" }
                }
            },
            "4.17.0": {
                "version_aliases": {
                    "pytorch1.10": "pytorch1.10.2",
                    "tensorflow2.6": "tensorflow2.6.3"
                },
                "pytorch1.10.2": {
                    "py_versions": ["py38"],
                    "registries": {
                        "af-south-1": "626614931356",
                        "ap-east-1": "871362719292",
                        "ap-northeast-1": "763104351884",
                        "ap-northeast-2": "763104351884",
                        "ap-northeast-3": "364406365360",
                        "ap-south-1": "763104351884",
                        "ap-south-2": "772153158452",
                        "ap-southeast-1": "763104351884",
                        "ap-southeast-2": "763104351884",
                        "ap-southeast-3": "907027046896",
                        "ca-central-1": "763104351884",
                        "cn-north-1": "727897471807",
                        "cn-northwest-1": "727897471807",
                        "eu-central-1": "763104351884",
                        "eu-central-2": "380420809688",
                        "eu-north-1": "763104351884",
                        "eu-west-1": "763104351884",
                        "eu-west-2": "763104351884",
                        "eu-west-3": "763104351884",
                        "eu-south-1": "692866216735",
                        "eu-south-2": "503227376785",
                        "me-south-1": "217643126080",
                        "me-central-1": "914824155844",
                        "sa-east-1": "763104351884",
                        "us-east-1": "763104351884",
                        "us-east-2": "763104351884",
                        "us-gov-east-1": "446045086412",
                        "us-gov-west-1": "442386744353",
                        "us-iso-east-1": "886529160074",
                        "us-west-1": "763104351884",
                        "us-west-2": "763104351884"
                    },
                    "repository": "huggingface-pytorch-inference",
                    "container_version": {"gpu": "cu113-ubuntu20.04", "cpu": "ubuntu20.04" }
                },
                "tensorflow2.6.3": {
                    "py_versions": ["py38"],
                    "registries": {
                        "af-south-1": "626614931356",
                        "ap-east-1": "871362719292",
                        "ap-northeast-1": "763104351884",
                        "ap-northeast-2": "763104351884",
                        "ap-northeast-3": "364406365360",
                        "ap-south-1": "763104351884",
                        "ap-south-2": "772153158452",
                        "ap-southeast-1": "763104351884",
                        "ap-southeast-2": "763104351884",
                        "ap-southeast-3": "907027046896",
                        "ca-central-1": "763104351884",
                        "cn-north-1": "727897471807",
                        "cn-northwest-1": "727897471807",
                        "eu-central-1": "763104351884",
                        "eu-central-2": "380420809688",
                        "eu-north-1": "763104351884",
                        "eu-south-1": "692866216735",
                        "eu-south-2": "503227376785",
                        "eu-west-1": "763104351884",
                        "eu-west-2": "763104351884",
                        "eu-west-3": "763104351884",
                        "me-south-1": "217643126080",
                        "me-central-1": "914824155844",
                        "sa-east-1": "763104351884",
                        "us-east-1": "763104351884",
                        "us-east-2": "763104351884",
                        "us-gov-east-1": "446045086412",
                        "us-gov-west-1": "442386744353",
                        "us-iso-east-1": "886529160074",
                        "us-west-1": "763104351884",
                        "us-west-2": "763104351884"
                    },
                    "repository": "huggingface-tensorflow-inference",
                    "container_version": {"gpu": "cu112-ubuntu20.04", "cpu": "ubuntu20.04" }
                }
            }
        }
    }
}
